[
  {
    "name": "Acolyte",
    "skill_proficiencies": ["Insight", "Religion"],
    "tool_proficiencies": [],
    "languages": ["Two of your choice"],
    "equipment": ["A holy symbol", "Prayer book", "5 sticks of incense", "Vestments", "Common clothes", "15 gp"],
    "feature": "Shelter of the Faithful: You command the respect of those who share your faith, and you can perform the religious ceremonies of your deity. You and your adventuring companions can expect to receive free healing and care at a temple, shrine, or other established presence of your faith.",
    "personality_traits": [
      "I idolize a particular hero of my faith, and constantly refer to that person’s deeds and example.",
      "I can find common ground between the fiercest enemies, empathizing with them and always working toward peace."
    ],
    "ideals": ["Tradition: The ancient traditions of worship and sacrifice must be preserved and upheld (Lawful)", "Charity: I always try to help those in need, no matter what the personal cost (Good)"],
    "bonds": ["I would die to recover an ancient relic of my faith that was lost long ago"],
    "flaws": ["I am suspicious of strangers and expect the worst of them"]
  },
  {
    "name": "Criminal",
    "skill_proficiencies": ["Deception", "Stealth"],
    "tool_proficiencies": ["One type of gaming set", "Thieves' tools"],
    "languages": [],
    "equipment": ["A crowbar", "Dark common clothes with hood", "15 gp"],
    "feature": "Criminal Contact: You have a reliable and trustworthy contact who acts as your liaison to a network of other criminals.",
    "personality_traits": ["I always have a plan for what to do when things go wrong", "The best way to get me to do something is to tell me I can’t do it"],
    "ideals": ["Honor: I don’t steal from others in the trade (Lawful)", "Freedom: Chains are meant to be broken, as are those who forge them (Chaotic)"],
    "bonds": ["I’m trying to pay off an old debt I owe to a generous benefactor"],
    "flaws": ["When I see something valuable, I can’t think about anything but how to steal it"]
  },
  {
    "name": "Folk Hero",
    "skill_proficiencies": ["Animal Handling", "Survival"],
    "tool_proficiencies": ["One type of artisan’s tools", "Vehicles (land)"],
    "languages": [],
    "equipment": ["A set of artisan’s tools", "Shovel", "Iron pot", "Common clothes", "10 gp"],
    "feature": "Rustic Hospitality: Since you come from the ranks of the common folk, you fit in among them with ease. You can find a place to hide, rest, or recuperate among other commoners, unless you have shown yourself to be a danger to them.",
    "personality_traits": ["I judge people by their actions, not their words", "I have a strong sense of fair play and always try to find the most equitable solution to arguments"],
    "ideals": ["Respect: People deserve to be treated with dignity and respect (Good)", "Freedom: Tyrants must not be allowed to oppress the people (Chaotic)"],
    "bonds": ["I protect those who cannot protect themselves"],
    "flaws": ["The tyrant who rules my land will stop at nothing to see me killed"]
  },
  {
    "name": "Noble",
    "skill_proficiencies": ["History", "Persuasion"],
    "tool_proficiencies": ["One type of gaming set"],
    "languages": ["One of your choice"],
    "equipment": ["A set of fine clothes", "Signet ring", "Scroll of pedigree", "25 gp"],
    "feature": "Position of Privilege: Thanks to your noble birth, people are inclined to think the best of you. You are welcome in high society, and people assume you have the right to be wherever you are.",
    "personality_traits": ["My eloquent flattery makes everyone I talk to feel like the most wonderful and important person in the world", "I take great pains to always look my best and follow the latest fashions"],
    "ideals": ["Independence: I must prove that I can handle myself without the coddling of my family (Chaotic)", "Noblesse Oblige: It is my duty to protect and care for the people beneath me (Good)"],
    "bonds": ["My loyalty to my sovereign is unwavering"],
    "flaws": ["I secretly believe that everyone is beneath me"]
  },
  {
    "name": "Sage",
    "skill_proficiencies": ["Arcana", "History"],
    "tool_proficiencies": [],
    "languages": ["Two of your choice"],
    "equipment": ["A bottle of black ink", "Quill", "Small knife", "Letter from a dead colleague posing a question you have not yet been able to answer", "Common clothes", "10 gp"],
    "feature": "Researcher: When you attempt to learn or recall a piece of lore, if you don’t know that information, you often know where and from whom you can obtain it.",
    "personality_traits": ["I’m willing to listen to every side of an argument before I make my own judgment", "I’m horribly, horribly awkward in social situations"],
    "ideals": ["Knowledge: The path to power and self‑improvement is through knowledge (Neutral)", "Beauty: What is beautiful points us beyond itself toward what is true (Good)"],
    "bonds": ["I’ve been searching my whole life for the answer to a certain question"],
    "flaws": ["I overlook obvious solutions in favor of complicated ones"]
  }
]