[
  {
    "name": "Barbarian",
    "hit_die": "d12",
    "primary_abilities": ["Strength"],
    "saving_throws": ["Strength", "Constitution"],
    "skill_choices": ["Animal Handling", "Athletics", "Intimidation", "Nature", "Perception", "Survival"],
    "num_skill_choices": 2,
    "equipment_choices": [
      ["A greataxe", "Any martial melee weapon"],
      ["Two handaxes", "Any simple weapon"],
      ["An explorer’s pack"],
      ["Four javelins"]
    ],
    "spellcasting": false,
    "features": {
      "1": ["Rage", "Unarmored Defense"],
      "2": ["Reckless Attack", "Danger Sense"],
      "3": ["Primal Path"],
      "5": ["Extra Attack"],
      "7": ["Feral Instinct"]
    }
  },
  {
    "name": "Bard",
    "hit_die": "d8",
    "primary_abilities": ["Charisma"],
    "saving_throws": ["Dexterity", "Charisma"],
    "skill_choices": ["Acrobatics", "Animal Handling", "Arcana", "Athletics", "Deception", "History", "Insight", "Intimidation", "Investigation", "Medicine", "Nature", "Perception", "Performance", "Persuasion", "Religion", "Sleight of Hand", "Stealth", "Survival"],
    "num_skill_choices": 3,
    "equipment_choices": [
      ["A rapier", "A longsword", "Any simple weapon"],
      ["Diplomat’s pack", "Entertainer’s pack"],
      ["A lute", "Any other musical instrument"],
      ["Leather armor", "Dagger"]
    ],
    "spellcasting": true,
    "spell_ability": "Charisma",
    "features": {
      "1": ["Spellcasting", "Bardic Inspiration"],
      "2": ["Jack of All Trades", "Song of Rest"],
      "3": ["Bard College"],
      "5": ["Font of Inspiration"],
      "10": ["Expertise"]
    }
  },
  {
    "name": "Cleric",
    "hit_die": "d8",
    "primary_abilities": ["Wisdom"],
    "saving_throws": ["Wisdom", "Charisma"],
    "skill_choices": ["History", "Insight", "Medicine", "Persuasion", "Religion"],
    "num_skill_choices": 2,
    "equipment_choices": [
      ["A mace", "A warhammer"],
      ["Scale mail", "Leather armor", "Chain mail"],
      ["Light crossbow and 20 bolts", "Any simple weapon"],
      ["Priest’s pack", "Explorer’s pack"],
      ["Shield", "Holy symbol"]
    ],
    "spellcasting": true,
    "spell_ability": "Wisdom",
    "features": {
      "1": ["Spellcasting", "Divine Domain"],
      "2": ["Channel Divinity"],
      "5": ["Destroy Undead"],
      "10": ["Divine Intervention"]
    }
  },
  {
    "name": "Fighter",
    "hit_die": "d10",
    "primary_abilities": ["Strength", "Dexterity"],
    "saving_throws": ["Strength", "Constitution"],
    "skill_choices": ["Acrobatics", "Animal Handling", "Athletics", "History", "Insight", "Intimidation", "Perception", "Survival"],
    "num_skill_choices": 2,
    "equipment_choices": [
      ["Chain mail", "Leather armor, longbow and 20 arrows"],
      ["A martial weapon and a shield", "Two martial weapons"],
      ["Light crossbow and 20 bolts", "Two handaxes"],
      ["Dungeoneer’s pack", "Explorer’s pack"]
    ],
    "spellcasting": false,
    "features": {
      "1": ["Fighting Style", "Second Wind"],
      "2": ["Action Surge"],
      "3": ["Martial Archetype"],
      "5": ["Extra Attack"],
      "9": ["Indomitable"]
    }
  },
  {
    "name": "Rogue",
    "hit_die": "d8",
    "primary_abilities": ["Dexterity"],
    "saving_throws": ["Dexterity", "Intelligence"],
    "skill_choices": ["Acrobatics", "Athletics", "Deception", "Insight", "Intimidation", "Investigation", "Perception", "Performance", "Persuasion", "Sleight of Hand", "Stealth"],
    "num_skill_choices": 4,
    "equipment_choices": [
      ["Rapier", "Shortsword"],
      ["Shortbow and quiver of 20 arrows", "Shortsword"],
      ["Burglar’s pack", "Dungeoneer’s pack", "Explorer’s pack"],
      ["Leather armor", "Two daggers", "Thieves’ tools"]
    ],
    "spellcasting": false,
    "features": {
      "1": ["Expertise", "Sneak Attack", "Thieves’ Cant"],
      "2": ["Cunning Action"],
      "3": ["Roguish Archetype"],
      "5": ["Uncanny Dodge"],
      "7": ["Evasion"]
    }
  }
]