[
  {
    "name": "Human",
    "speed": 30,
    "ability_bonuses": {"Strength": 1, "Dexterity": 1, "Constitution": 1, "Intelligence": 1, "Wisdom": 1, "Charisma": 1},
    "traits": [
      "Extra Language: You can speak, read, and write one extra language of your choice.",
      "Versatile: Humans are the most adaptable and ambitious people among the common races."
    ],
    "subraces": []
  },
  {
    "name": "Elf",
    "speed": 30,
    "ability_bonuses": {"Dexterity": 2},
    "traits": [
      "Darkvision: Accustomed to twilit forests and the night sky, you have superior vision in dark and dim conditions.",
      "Fey Ancestry: You have advantage on saving throws against being charmed, and magic can’t put you to sleep."
    ],
    "subraces": [
      {
        "name": "High Elf",
        "ability_bonuses": {"Intelligence": 1},
        "traits": [
          "Elf Weapon Training: You have proficiency with the longsword, shortsword, shortbow, and longbow.",
          "Cantrip: You know one cantrip of your choice from the wizard spell list. Intelligence is your spellcasting ability for it."
        ]
      },
      {
        "name": "Wood Elf",
        "ability_bonuses": {"Wisdom": 1},
        "traits": [
          "Fleet of Foot: Your base walking speed increases to 35 feet.",
          "Mask of the Wild: You can attempt to hide even when you are only lightly obscured by foliage, heavy rain, falling snow, mist, and other natural phenomena."
        ]
      }
    ]
  },
  {
    "name": "Dwarf",
    "speed": 25,
    "ability_bonuses": {"Constitution": 2},
    "traits": [
      "Darkvision: Accustomed to life underground, you have superior vision in dark and dim conditions.",
      "Dwarven Resilience: You have advantage on saving throws against poison, and you have resistance against poison damage."
    ],
    "subraces": [
      {
        "name": "Hill Dwarf",
        "ability_bonuses": {"Wisdom": 1},
        "traits": ["Dwarven Toughness: Your hit point maximum increases by 1, and it increases by 1 every time you gain a level."]
      },
      {
        "name": "Mountain Dwarf",
        "ability_bonuses": {"Strength": 2},
        "traits": ["Dwarven Armor Training: You have proficiency with light and medium armor."]
      }
    ]
  },
  {
    "name": "Halfling",
    "speed": 25,
    "ability_bonuses": {"Dexterity": 2},
    "traits": [
      "Lucky: When you roll a 1 on the d20 for an attack roll, ability check, or saving throw, you can reroll the die and must use the new roll.",
      "Brave: You have advantage on saving throws against being frightened."
    ],
    "subraces": [
      {
        "name": "Lightfoot",
        "ability_bonuses": {"Charisma": 1},
        "traits": ["Naturally Stealthy: You can attempt to hide even when you are obscured only by a creature that is at least one size larger than you."]
      },
      {
        "name": "Stout",
        "ability_bonuses": {"Constitution": 1},
        "traits": ["Stout Resilience: You have advantage on saving throws against poison, and you have resistance against poison damage."]
      }
    ]
  },
  {
    "name": "Dragonborn",
    "speed": 30,
    "ability_bonuses": {"Strength": 2, "Charisma": 1},
    "traits": [
      "Draconic Ancestry: You have a draconic ancestry, granting you a breath weapon and damage resistance.",
      "Breath Weapon: You can use your action to exhale destructive energy. The type of dragon ancestry determines the size, shape, and damage type of the exhalation."
    ],
    "subraces": []
  }
]