[
  {
    "name": "Fire Bolt",
    "level": 0,
    "school": "Evocation",
    "casting_time": "1 action",
    "range": "120 feet",
    "components": ["V", "S"],
    "duration": "Instantaneous",
    "classes": ["Sorcerer", "Wizard"],
    "description": "You hurl a mote of fire at a creature or object within range. Make a ranged spell attack against the target. On a hit, the target takes 1d10 fire damage."
  },
  {
    "name": "Magic Missile",
    "level": 1,
    "school": "Evocation",
    "casting_time": "1 action",
    "range": "120 feet",
    "components": ["V", "S"],
    "duration": "Instantaneous",
    "classes": ["Sorcerer", "Wizard"],
    "description": "You create three glowing darts of magical force. Each dart hits a creature of your choice that you can see within range. Each dart deals 1d4+1 force damage to its target."
  },
  {
    "name": "Cure Wounds",
    "level": 1,
    "school": "Evocation",
    "casting_time": "1 action",
    "range": "Touch",
    "components": ["V", "S"],
    "duration": "Instantaneous",
    "classes": ["Bard", "Cleric", "Druid", "Paladin", "Ranger"],
    "description": "A creature you touch regains a number of hit points equal to 1d8 + your spellcasting ability modifier. This spell has no effect on undead or constructs."
  },
  {
    "name": "Shield",
    "level": 1,
    "school": "Abjuration",
    "casting_time": "1 reaction",
    "range": "Self",
    "components": ["V", "S"],
    "duration": "1 round",
    "classes": ["Sorcerer", "Wizard"],
    "description": "An invisible barrier of magical force appears and protects you. Until the start of your next turn, you have a +5 bonus to AC, including against the triggering attack, and you take no damage from Magic Missile."
  },
  {
    "name": "Healing Word",
    "level": 1,
    "school": "Evocation",
    "casting_time": "1 bonus action",
    "range": "60 feet",
    "components": ["V"],
    "duration": "Instantaneous",
    "classes": ["Bard", "Cleric", "Druid"],
    "description": "A creature of your choice within range regains hit points equal to 1d4 + your spellcasting ability modifier. This spell has no effect on undead or constructs."
  },
  {
    "name": "Fireball",
    "level": 3,
    "school": "Evocation",
    "casting_time": "1 action",
    "range": "150 feet",
    "components": ["V", "S", "M"],
    "duration": "Instantaneous",
    "classes": ["Sorcerer", "Wizard"],
    "description": "A bright streak flashes from your pointing finger to a point you choose within range and then blossoms with a low roar into an explosion of flame. Each creature in a 20‑foot‑radius sphere must make a Dexterity saving throw. A target takes 8d6 fire damage on a failed save, or half as much damage on a successful one."
  },
  {
    "name": "Mage Armor",
    "level": 1,
    "school": "Abjuration",
    "casting_time": "1 action",
    "range": "Touch",
    "components": ["V", "S", "M"],
    "duration": "8 hours",
    "classes": ["Sorcerer", "Wizard"],
    "description": "You touch a willing creature who isn’t wearing armor, and a protective magical force surrounds it until the spell ends. The target’s base AC becomes 13 + its Dexterity modifier."
  },
  {
    "name": "Eldritch Blast",
    "level": 0,
    "school": "Evocation",
    "casting_time": "1 action",
    "range": "120 feet",
    "components": ["V", "S"],
    "duration": "Instantaneous",
    "classes": ["Warlock"],
    "description": "A beam of crackling energy streaks toward a creature within range. Make a ranged spell attack against the target. On a hit, the target takes 1d10 force damage."
  },
  {
    "name": "Bless",
    "level": 1,
    "school": "Enchantment",
    "casting_time": "1 action",
    "range": "30 feet",
    "components": ["V", "S", "M"],
    "duration": "Concentration, up to 1 minute",
    "classes": ["Cleric", "Paladin"],
    "description": "You bless up to three creatures of your choice within range. Whenever a target makes an attack roll or a saving throw before the spell ends, the target can roll a d4 and add the number rolled to the attack roll or saving throw."
  },
  {
    "name": "Detect Magic",
    "level": 1,
    "school": "Divination",
    "casting_time": "1 action",
    "range": "Self (30‑foot radius)",
    "components": ["V", "S"],
    "duration": "Concentration, up to 10 minutes",
    "classes": ["Bard", "Cleric", "Druid", "Paladin", "Ranger", "Sorcerer", "Wizard"],
    "description": "For the duration, you sense the presence of magic within 30 feet of you. You can use your action to see a faint aura around any visible creature or object in the area that bears magic."
  }
]